Column_name,Description,Translated,Rejected
acc_now_delinq,The number of accounts on which the borrower is now delinquent.,"Количество счетов, по которым заемщик сейчас просрочен.",0
acc_open_past_24mths,Number of trades opened in past 24 months.,"Количество сделок, открытых за последние 24 месяца.",0
addr_state,The state provided by the borrower in the loan application,"Штат, указанный заемщиком в кредитной заявке",0
all_util,Balance to credit limit on all trades,Баланс кредитного лимита по всем сделкам,1
annual_inc,The self-reported annual income provided by the borrower during registration.,"Годовой доход, заявленный заемщиком при регистрации.",0
annual_inc_joint,The combined self-reported annual income provided by the co-borrowers during registration,"Совокупный годовой доход, заявленный созаемщиками при регистрации",0
application_type,Indicates whether the loan is an individual application or a joint application with two co-borrowers,"Указывает, является ли кредит индивидуальной заявкой или совместной заявкой с двумя созаемщиками.",0
avg_cur_bal,Average current balance of all accounts,Средний текущий баланс всех счетов,1
bc_open_to_buy,Total open to buy on revolving bankcards.,Всего открыто для покупки по возобновляемым банковским картам.,0
bc_util,Ratio of total current balance to high credit/credit limit for all bankcard accounts.,Отношение общего текущего баланса к высокому кредитному/кредитному лимиту для всех счетов банковских карт.,0
chargeoff_within_12_mths,Number of charge-offs within 12 months,Количество списаний за 12 месяцев,0
collection_recovery_fee,post charge off collection fee,сбор за последующее списание,0
collections_12_mths_ex_med,Number of collections in 12 months excluding medical collections,Количество сборов за 12 месяцев без учета медицинских сборов,0
debt_settlement_flag,"Flags whether or not the borrower, who has charged-off, is working with a debt-settlement company.","Отмечает, работает ли списанный заемщик с компанией по урегулированию долга.",1
debt_settlement_flag_date,The most recent date that the Debt_Settlement_Flag has been set  ,Самая последняя дата установки Debt_Settlement_Flag,1
deferral_term,Amount of months that the borrower is expected to pay less than the contractual monthly payment amount due to a hardship plan,"Количество месяцев, в течение которых заемщик, как ожидается, будет платить меньше, чем предусмотренная договором сумма ежемесячного платежа из-за трудного плана",1
delinq_2yrs,The number of 30+ days past-due incidences of delinquency in the borrower's credit file for the past 2 years,Количество случаев просроченной задолженности более 30 дней в кредитном досье заемщика за последние 2 года.,0
delinq_amnt,The past-due amount owed for the accounts on which the borrower is now delinquent.,"Просроченная сумма задолженности по счетам, по которым заемщик в настоящее время является просроченным.",0
desc,Loan description provided by the borrower,"Описание кредита, предоставленное заемщиком",1
disbursement_method,"The method by which the borrower receives their loan. Possible values are: CASH, DIRECT_PAY","Способ, которым заемщик получает кредит. Возможные значения: CASH, DIRECT_PAY.",1
dti,"A ratio calculated using the borrower’s total monthly debt payments on the total debt obligations, excluding mortgage and the requested LC loan, divided by the borrower’s self-reported monthly income.","Соотношение, рассчитанное путем деления общей суммы ежемесячных платежей заемщика на общую сумму долговых обязательств, за исключением ипотечного кредита и запрошенного кредита, на ежемесячный доход заемщика, о котором сообщается самостоятельно.",1
dti_joint,"A ratio calculated using the co-borrowers' total monthly payments on the total debt obligations, excluding mortgages and the requested LC loan, divided by the co-borrowers' combined self-reported monthly income","Соотношение, рассчитанное с использованием общих ежемесячных платежей созаемщиков по общей сумме долговых обязательств, за исключением ипотечных кредитов и запрошенного аккредитивного кредита, деленное на совокупный ежемесячный доход созаемщиков, сообщаемый ими самими.",1
earliest_cr_line,The month the borrower's earliest reported credit line was opened,"Месяц, в котором заемщик открыл самую раннюю из заявленных кредитных линий",0
emp_length,Employment length in years. Possible values are between 0 and 10 where 0 means less than one year and 10 means ten or more years. ,"Стаж работы в годах. Возможные значения находятся в диапазоне от 0 до 10, где 0 означает менее одного года, а 10 означает десять или более лет.",0
emp_title,The job title supplied by the Borrower when applying for the loan.*,"Должность, указанная Заемщиком при подаче заявки на получение кредита.*",0
fico_range_high,The upper boundary range the borrower’s FICO at loan origination belongs to.,"Верхний граничный диапазон, к которому относится FICO заемщика при выдаче кредита.",0
fico_range_low,The lower boundary range the borrower’s FICO at loan origination belongs to.,"Нижний граничный диапазон, к которому относится FICO заемщика при выдаче кредита.",0
funded_amnt,The total amount committed to that loan at that point in time.,Общая сумма обязательств по этому кредиту на тот момент времени.,1
funded_amnt_inv,The total amount committed by investors for that loan at that point in time.,"Общая сумма, выделенная инвесторами для этого кредита на данный момент времени.",1
grade,LC assigned loan grade,присвоенный аккредитиву кредитный рейтинг,1
hardship_amount,The interest payment that the borrower has committed to make each month while they are on a hardship plan,"Процентный платеж, который заемщик обязался производить каждый месяц, пока он находится в трудной жизненной ситуации.",1
hardship_dpd,Account days past due as of the hardship plan start date,"Учетные дни, просроченные на дату начала действия трудового плана",1
hardship_end_date,The end date of the hardship plan period,Дата окончания периода действия трудного плана,1
hardship_flag,Flags whether or not the borrower is on a hardship plan,"Отмечает, находится ли заемщик в трудной жизненной ситуации",1
hardship_last_payment_amount,The last payment amount as of the hardship plan start date,Сумма последнего платежа на дату начала действия трудового плана,1
hardship_length,The number of months the borrower will make smaller payments than normally obligated due to a hardship plan,"Количество месяцев, в течение которых заемщик будет производить меньшие платежи, чем обычно, из-за трудного плана.",1
hardship_loan_status,Loan Status as of the hardship plan start date,Статус кредита на дату начала действия плана помощи в трудных условиях,1
hardship_payoff_balance_amount,The payoff balance amount as of the hardship plan start date,Сумма остатка выплат на дату начала трудного плана,1
hardship_reason,Describes the reason the hardship plan was offered,"Описывает причину, по которой был предложен план преодоления трудностей",1
hardship_start_date,The start date of the hardship plan period,Дата начала периода трудного плана,1
hardship_status,"Describes if the hardship plan is active, pending, canceled, completed, or broken","Описывает, является ли план преодоления трудностей активным, ожидающим рассмотрения, отмененным, завершенным или нарушенным.",1
hardship_type,Describes the hardship plan offering,Описывает предложение плана работы в трудных условиях,1
home_ownership,"The home ownership status provided by the borrower during registration or obtained from the credit report. Our values are: RENT, OWN, MORTGAGE, OTHER","Статус собственности на жилье, предоставленный заемщиком при регистрации или полученный из кредитного отчета. Наши ценности: АРЕНДА, СОБСТВЕННОСТЬ, ИПОТЕКА, ДРУГОЕ",0
id,A unique LC assigned ID for the loan listing.,"Уникальный идентификатор, присвоенный LC для списка кредитов.",1
il_util,Ratio of total current balance to high credit/credit limit on all install acct,Отношение общего текущего баланса к высокому кредиту/кредитному лимиту по всем установленным счетам,1
initial_list_status,"The initial listing status of the loan. Possible values are – W, F","Первоначальный листинговый статус кредита. Возможные значения — W, F",1
inq_fi,Number of personal finance inquiries,Количество запросов о личных финансах,1
inq_last_12m,Number of credit inquiries in past 12 months,Количество кредитных запросов за последние 12 месяцев,1
inq_last_6mths,The number of inquiries in past 6 months (excluding auto and mortgage inquiries),Количество запросов за последние 6 месяцев (исключая авто и ипотечные запросы),1
installment,The monthly payment owed by the borrower if the loan originates.,"Ежемесячный платеж, причитающийся заемщику, если кредит выдан.",1
int_rate,Interest Rate on the loan,Процентная ставка по кредиту,1
issue_d,The month which the loan was funded,"Месяц, в котором был выдан кредит",1
last_credit_pull_d,The most recent month LC pulled credit for this loan,"Последний месяц, когда LC отозвал кредит по этому кредиту",1
last_fico_range_high,The upper boundary range the borrower’s last FICO pulled belongs to.,"Верхний граничный диапазон, к которому принадлежит последний FICO заемщика.",1
last_fico_range_low,The lower boundary range the borrower’s last FICO pulled belongs to.,"Нижний граничный диапазон, к которому принадлежит последний FICO заемщика.",1
last_pymnt_amnt,Last total payment amount received,Сумма последнего полученного платежа,1
last_pymnt_d,Last month payment was received,Оплата за последний месяц получена,1
loan_amnt,"The listed amount of the loan applied for by the borrower. If at some point in time, the credit department reduces the loan amount, then it will be reflected in this value.","Перечисленная сумма кредита, заявленного заемщиком. Если в какой-то момент кредитный отдел уменьшит сумму кредита, то это отразится на этом значении.",1
loan_status,Current status of the loan,Текущее состояние кредита,0
max_bal_bc,Maximum current balance owed on all revolving accounts,Максимальный текущий остаток на всех возобновляемых счетах,1
member_id,A unique LC assigned Id for the borrower member.,"Уникальный идентификатор LC, присвоенный члену-заемщику.",1
mo_sin_old_il_acct,Months since oldest bank installment account opened,Месяцы с момента открытия самого старого банковского счета в рассрочку,0
mo_sin_old_rev_tl_op,Months since oldest revolving account opened,Количество месяцев с момента открытия самого старого револьверного счета,0
mo_sin_rcnt_rev_tl_op,Months since most recent revolving account opened,Количество месяцев с момента открытия последнего револьверного счета,0
mo_sin_rcnt_tl,Months since most recent account opened,Месяцы с момента открытия последней учетной записи,0
mort_acc,Number of mortgage accounts.,Количество ипотечных счетов.,0
mths_since_last_delinq,The number of months since the borrower's last delinquency.,Количество месяцев с момента последней просрочки заемщиком.,1
mths_since_last_major_derog,Months since most recent 90-day or worse rating,Количество месяцев с момента последней оценки за 90 дней или хуже.,1
mths_since_last_record,The number of months since the last public record.,Количество месяцев с момента последней общедоступной записи.,1
mths_since_rcnt_il,Months since most recent installment accounts opened,Месяцы с момента открытия последних счетов в рассрочку,1
mths_since_recent_bc,Months since most recent bankcard account opened.,Количество месяцев с момента открытия последнего счета банковской карты.,0
mths_since_recent_bc_dlq,Months since most recent bankcard delinquency,Месяцы с момента последнего просроченного платежа по банковской карте,1
mths_since_recent_inq,Months since most recent inquiry.,Месяцы с момента последнего запроса.,0
mths_since_recent_revol_delinq,Months since most recent revolving delinquency.,Месяцы с момента последнего повторяющегося правонарушения.,1
next_pymnt_d,Next scheduled payment date,Дата следующего запланированного платежа,1
num_accts_ever_120_pd,Number of accounts ever 120 or more days past due,"Количество счетов, просроченных на 120 и более дней",0
num_actv_bc_tl,Number of currently active bankcard accounts,Количество активных на данный момент счетов банковских карт,0
num_actv_rev_tl,Number of currently active revolving trades,Количество активных в настоящее время револьверных сделок,0
num_bc_sats,Number of satisfactory bankcard accounts,Количество удовлетворительных счетов банковских карт,0
num_bc_tl,Number of bankcard accounts,Количество счетов банковских карт,0
num_il_tl,Number of installment accounts,Количество счетов в рассрочку,0
num_op_rev_tl,Number of open revolving accounts,Количество открытых револьверных счетов,0
num_rev_accts,Number of revolving accounts,Количество оборотных счетов,0
num_rev_tl_bal_gt_0,Number of revolving trades with balance >0,Количество оборотных сделок с балансом >0,1
num_sats,Number of satisfactory accounts,Количество удовлетворительных аккаунтов,0
num_tl_120dpd_2m,Number of accounts currently 120 days past due (updated in past 2 months),"Количество счетов, в настоящее время просроченных на 120 дней (обновлено за последние 2 месяца)",1
num_tl_30dpd,Number of accounts currently 30 days past due (updated in past 2 months),"Количество счетов, просроченных на 30 дней (обновлено за последние 2 месяца)",1
num_tl_90g_dpd_24m,Number of accounts 90 or more days past due in last 24 months,"Количество счетов, просроченных на 90 и более дней за последние 24 месяца",1
num_tl_op_past_12m,Number of accounts opened in past 12 months,"Количество счетов, открытых за последние 12 месяцев",0
open_acc,The number of open credit lines in the borrower's credit file.,Количество открытых кредитных линий в кредитном досье заемщика.,0
open_acc_6m,Number of open trades in last 6 months,Количество открытых сделок за последние 6 месяцев,1
open_act_il,Number of currently active installment trades,Количество активных на данный момент сделок с рассрочкой,1
open_il_12m,Number of installment accounts opened in past 12 months,"Количество счетов в рассрочку, открытых за последние 12 месяцев",1
open_il_24m,Number of installment accounts opened in past 24 months,"Количество счетов в рассрочку, открытых за последние 24 месяца",1
open_rv_12m,Number of revolving trades opened in past 12 months,"Количество возобновляемых сделок, открытых за последние 12 месяцев",1
open_rv_24m,Number of revolving trades opened in past 24 months,"Количество возобновляемых сделок, открытых за последние 24 месяца",1
orig_projected_additional_accrued_interest,The original projected additional interest amount that will accrue for the given hardship payment plan as of the Hardship Start Date. This field will be null if the borrower has broken their hardship payment plan.,"Первоначальная прогнозируемая сумма дополнительных процентов, которая будет начисляться по данному плану выплат в связи с трудными условиями на Дату начала выплаты в трудных условиях. Это поле будет пустым, если заемщик нарушил свой план выплат.",1
out_prncp,Remaining outstanding principal for total amount funded,Оставшаяся непогашенная основная сумма на общую сумму финансирования,1
out_prncp_inv,Remaining outstanding principal for portion of total amount funded by investors,"Оставшаяся непогашенная основная сумма для части общей суммы, финансируемой инвесторами",1
payment_plan_start_date,"The day the first hardship plan payment is due. For example, if a borrower has a hardship plan period of 3 months, the start date is the start of the three-month period in which the borrower is allowed to make interest-only payments.","День, когда должна быть произведена первая выплата по трудному плану. Например, если у заемщика есть трехмесячный период трудного плана, датой начала является начало трехмесячного периода, в течение которого заемщику разрешено производить платежи только по процентам.",1
pct_tl_nvr_dlq,Percent of trades never delinquent,"Процент сделок, никогда не просроченных",0
percent_bc_gt_75,Percentage of all bankcard accounts > 75% of limit.,Процент всех счетов банковских карт > 75% от лимита.,0
policy_code,"publicly available policy_code=1
new products not publicly available policy_code=2","общедоступный policy_code=1
новые продукты недоступны для общественности policy_code=2",1
pub_rec,Number of derogatory public records,Количество унизительных публичных записей,0
pub_rec_bankruptcies,Number of public record bankruptcies,Количество публичных банкротств,0
purpose,A category provided by the borrower for the loan request. ,"Категория, предоставляемая заемщиком для заявки на кредит.",0
pymnt_plan,Indicates if a payment plan has been put in place for the loan,"Указывает, был ли установлен план платежей по кредиту",1
recoveries,post charge off gross recovery,последующее списание с валового восстановления,1
revol_bal,Total credit revolving balance,Общий кредитный возобновляемый баланс,1
revol_bal_joint," Sum of revolving credit balance of the co-borrowers, net of duplicate balances", Сумма возобновляемого кредитового остатка созаемщиков за вычетом дублирующих остатков,1
revol_util,"Revolving line utilization rate, or the amount of credit the borrower is using relative to all available revolving credit.","Коэффициент использования возобновляемой линии или сумма кредита, которую заемщик использует по отношению ко всему доступному возобновляемому кредиту.",1
sec_app_chargeoff_within_12_mths, Number of charge-offs within last 12 months at time of application for the secondary applicant, Количество списаний за последние 12 месяцев на момент подачи заявки для вторичного заявителя,1
sec_app_collections_12_mths_ex_med, Number of collections within last 12 months excluding medical collections at time of application for the secondary applicant," Количество коллекций за последние 12 месяцев, за исключением медицинских коллекций на момент подачи заявки для вторичного заявителя",1
sec_app_earliest_cr_line, Earliest credit line at time of application for the secondary applicant, Самая ранняя кредитная линия на момент подачи заявки для вторичного заявителя,1
sec_app_fico_range_high, FICO range (low) for the secondary applicant, Диапазон FICO (низкий) для вторичного заявителя,1
sec_app_fico_range_low, FICO range (high) for the secondary applicant, Диапазон FICO (высокий) для вторичного заявителя,1
sec_app_inq_last_6mths, Credit inquiries in the last 6 months at time of application for the secondary applicant, Кредитные запросы за последние 6 месяцев на момент подачи заявки для вторичного заявителя,1
sec_app_mort_acc, Number of mortgage accounts at time of application for the secondary applicant, Количество ипотечных счетов на момент подачи заявки для вторичного заявителя,1
sec_app_mths_since_last_major_derog, Months since most recent 90-day or worse rating at time of application for the secondary applicant, Месяцы с момента последнего 90-дневного или худшего рейтинга на момент подачи заявки для второго заявителя,1
sec_app_num_rev_accts, Number of revolving accounts at time of application for the secondary applicant, Количество револьверных счетов на момент подачи заявки для вторичного заявителя,1
sec_app_open_acc, Number of open trades at time of application for the secondary applicant, Количество открытых сделок на момент подачи заявки для вторичного заявителя,1
sec_app_open_act_il, Number of currently active installment trades at time of application for the secondary applicant, Количество активных сделок в рассрочку на момент подачи заявки для вторичного заявителя,1
sec_app_revol_util, Ratio of total current balance to high credit/credit limit for all revolving accounts, Отношение общего текущего баланса к высокому кредиту/кредитному лимиту для всех возобновляемых счетов,1
settlement_amount,The loan amount that the borrower has agreed to settle for,"Сумма кредита, которую заемщик согласился выплатить",1
settlement_date,The date that the borrower agrees to the settlement plan,"Дата, когда заемщик соглашается с планом урегулирования",1
settlement_percentage,The settlement amount as a percentage of the payoff balance amount on the loan,Сумма погашения в процентах от суммы остатка погашения по кредиту,1
settlement_status,"The status of the borrower’s settlement plan. Possible values are: COMPLETE, ACTIVE, BROKEN, CANCELLED, DENIED, DRAFT","Статус плана расчетов заемщика. Возможные значения: ЗАВЕРШЕНО, АКТИВНО, НЕИСПРАВНО, ОТМЕНЕНО, ОТКЛОНЕНО, ЧЕРНОВИК",1
settlement_term,The number of months that the borrower will be on the settlement plan,"Количество месяцев, в течение которых заемщик будет находиться на расчетном плане",1
sub_grade,LC assigned loan subgrade,LC присвоено земляное полотно,1
tax_liens,Number of tax liens,Количество налоговых залогов,0
term,The number of payments on the loan. Values are in months and can be either 36 or 60.,Количество платежей по кредиту. Значения указаны в месяцах и могут быть 36 или 60.,0
title,The loan title provided by the borrower,"Название кредита, предоставленное заемщиком",0
tot_coll_amt,Total collection amounts ever owed,"Общая сумма взыскания, когда-либо причитавшаяся",0
tot_cur_bal,Total current balance of all accounts,Суммарный текущий баланс всех счетов,0
tot_hi_cred_lim,Total high credit/credit limit,Общий высокий кредит/кредитный лимит,0
total_acc,The total number of credit lines currently in the borrower's credit file,Общее количество кредитных линий в настоящее время в кредитном деле заемщика,0
total_bal_ex_mort,Total credit balance excluding mortgage,Общий кредитный остаток без учета ипотеки,1
total_bal_il,Total current balance of all installment accounts,Суммарный текущий баланс всех счетов рассрочки,1
total_bc_limit,Total bankcard high credit/credit limit,Общий высокий кредит/кредитный лимит банковской карты,0
total_cu_tl,Number of finance trades,Количество финансовых сделок,1
total_il_high_credit_limit,Total installment high credit/credit limit,Общий платеж высокий кредит/кредитный лимит,0
total_pymnt,Payments received to date for total amount funded,"Платежи, полученные на сегодняшний день, на общую сумму финансирования",1
total_pymnt_inv,Payments received to date for portion of total amount funded by investors,"Платежи, полученные на сегодняшний день в отношении части общей суммы, финансируемой инвесторами",1
total_rec_int,Interest received to date,"Проценты, полученные на сегодняшний день",1
total_rec_late_fee,Late fees received to date,"Пени за просрочку платежа, полученные на сегодняшний день",1
total_rec_prncp,Principal received to date,Основная сумма получена на сегодняшний день,1
total_rev_hi_lim,Total revolving high credit/credit limit,Общий возобновляемый высокий кредит/кредитный лимит,0
url,URL for the LC page with listing data.,URL-адрес страницы LC с листинговыми данными.,1
verification_status,"Indicates if income was verified by LC, not verified, or if the income source was verified","Указывает, был ли доход подтвержден LC, не подтвержден или подтвержден источник дохода.",0
verified_status_joint,"Indicates if the co-borrowers' joint income was verified by LC, not verified, or if the income source was verified","Указывает, был ли совместный доход созаемщиков подтвержден аккредитивом, не подтвержден или подтвержден источник дохода",0
zip_code,The first 3 numbers of the zip code provided by the borrower in the loan application.,"Первые 3 цифры почтового индекса, указанные заемщиком в кредитной заявке.",1